﻿<?xml version="1.0" encoding="UTF-8" standalone="yes"?>
<addon id="plugin.video.1tv.ru"
       name="1tv.ru"
       version="2.2.1"
       provider-name="am">
    <requires>
        <import addon="xbmc.python" version="2.1.0"/>
    </requires>
    <extension point="xbmc.python.pluginsource" provides="video" library="default.py">
        <provides>video</provides>
    </extension>
	
    <extension point="xbmc.addon.metadata">
        <summary>Видеоархивы 1tv.ru</summary>
        <description>Видеоархивы 1tv.ru</description>
        <platform>all</platform>
    </extension>
</addon>
