<?xml version="1.0" encoding="UTF-8"?>
    <addon id="repository.infernam" name="Infernams addons" version="0.1.0" provider-name="infernam">
        <requires>
            <import addon="xbmc.addon" version="12.0.0"/>
        </requires>
        <extension point="xbmc.addon.repository" name="Infernams addons">
            <info compressed="false">https://github.com/infernam/repository.infernam.storage/tree/master/_repo/addons.xml</info>
            <checksum>https://github.com/infernam/repository.infernam.storage/tree/master/_repo/addons.xml.md5</checksum>
            <datadir zip="true">https://github.com/infernam/repository.infernam.storage/tree/master/_repo/</datadir>
            <hashes>false</hashes>
        </extension>
        <extension point="xbmc.addon.metadata">
            <summary>infernams kodi addons</summary>
            <description>The description can be longer. Using [CR] you can create a newline. The use of other markup is not advised.</description>
            <platform>all</platform>
    </extension>
</addon>